<?xml version="1.0" encoding="UTF-8"?>
<faces-config xmlns="http://xmlns.jcp.org/xml/ns/javaee" xmlns:xsi="http://www.w3.org/2001/XMLSchema-instance"
	xsi:schemaLocation="http://xmlns.jcp.org/xml/ns/javaee http://xmlns.jcp.org/xml/ns/javaee/web-facesconfig_2_2.xsd"
	version="2.2">
	<application>
		<locale-config>
			<default-locale>en</default-locale>
			<supported-locale>el</supported-locale>
			<!-- <supported-locale>es</supported-locale> -->
		</locale-config>
		<resource-bundle>
			<base-name>dvd_store.faces.i18n.Text</base-name>
			<var>text</var>
		</resource-bundle>
		<message-bundle>
			dvd_store.faces.i18n.ValidationMessages
		</message-bundle>
	</application>
	<factory>
		<exception-handler-factory>dvd_store.faces.exceptions.ViewExpiredExceptionExceptionHandlerFactory</exception-handler-factory>
	</factory>
</faces-config>
